p17,59,1836
p18,61,1837
p19,67,2579
p20,71,2601
p21,73,2626
p22,79,2641
p23,83,2675
p24,89,2819
p25,97,2846
p26,101,3001
p27,103,3020
p28,107,3074
p29,109,3111
p30,113,3390
p31,127,4085
p32,131,4468
p33,137,4571
p34,139,4590
p35,149,5550
p36,151,5557
p37,157,5711
p38,163,5750
p39,167,6434
p40,173,6794
p41,179,6821
p42,181,6858
p43,191,7729
p44,193,7824
p45,197,7983
p46,199,8031
p47,211,8094
p48,223,8459
p49,227,8688
p50,229,8697
p51,233,8711
p52,239,8931
p53,241,9061
p54,251,9173
p55,257,9930
p56,263,10298
p57,269,10365
p58,271,10413
p59,277,10446
p60,281,10457
p61,283,10505
p62,293,10932
p63,307,11316
p64,311,11568
p65,313,11570
p66,317,11601
p67,331,14013
p68,337,14027
p69,347,14434
p70,349,14499
p71,353,14843
p72,359,15244
p73,367,16053
p74,373,16391
p75,379,16750
p76,383,16784
p77,389,17014
p78,397,17388
p79,401,17389
p80,409,18045
p81,419,18253
p82,421,18281
p83,431,20146
p84,433,20223
p85,439,20266
p86,443,20794
p87,449,20887
p88,457,22593
p89,461,22892
p90,463,22911
p91,467,23051
p92,479,23183
p93,487,24451
p94,491,24723
p95,499,25403
p96,503,25589
p97,509,25601
p98,521,26027
p99,523,26110
p100,541,26810
p101,547,26881
p102,557,27151
p103,563,27213
p104,569,27234
p105,571,27362
p106,577,27554
p107,587,28338
p108,593,28637
p109,599,28651
p110,601,28773
p111,607,28782
p112,613,28923
p113,617,29164
p114,619,29254
p115,631,29295
p116,641,30646
p117,643,30735
p118,647,31145
p119,653,31218
p120,659,31639
p121,661,31784
p122,673,31944
p123,677,31950
p124,683,32181
p125,691,32751
p126,701,32796
p127,709,33404
p128,719,33408
p129,727,33903
p130,733,33922
p131,739,34014
p132,743,34085
p133,751,34763
p134,757,35266
p135,761,35330
p136,769,36282
p137,773,36392
p138,787,36585
p139,797,37204
p140,809,37420
p141,811,37422
p142,821,38722
p143,823,38769
p144,827,38970
p145,829,39017
p146,839,40584
p147,853,41180
p148,857,41369
p149,859,41558
p150,863,41735
p151,877,42959
p152,881,42978
p153,883,43080
p154,887,43085
p155,907,44873
p156,911,45180
p157,919,45794
p158,929,46337
p159,937,47711
p160,941,48217
p161,947,48317
p162,953,48343
p163,967,50477
p164,971,50920
p165,977,51125
p166,983,51284
p167,991,52836
p168,997,52853
p169,1009,52926
p170,1013,52995
p171,1019,53481
p172,1021,53512
p173,1031,54454
p174,1033,54630
p175,1039,54729
p176,1049,55275
p177,1051,55291
p178,1061,55657
p179,1063,55721
p180,1069,56350
p181,1087,56423
p182,1091,56503
p183,1093,56527
p184,1097,57021
p185,1103,57086
p186,1109,57260
p187,1117,57551
p188,1123,57618
p189,1129,57654
p190,1151,58752
p191,1153,58835
p192,1163,60076
p193,1171,60576
p194,1181,61700
p195,1187,61964
p196,1193,62023
p197,1201,62255
p198,1213,62306
p199,1217,62447
p200,1223,62926
p201,1229,63448
p202,1231,63495
p203,1237,63658
p204,1249,63668
p205,1259,63734
p206,1277,63968
p207,1279,64116
p208,1283,64248
p209,1289,64336
p210,1291,64415
p211,1297,75548
p212,1301,75927
p213,1303,76090
p214,1307,76301
p215,1319,76635
p216,1321,76675
p217,1327,77458
p218,1361,78581
p219,1367,79479
p220,1373,79484
p221,1381,79702
p222,1399,80510
p223,1409,166712
p224,1423,167395
p225,1427,167501
p226,1429,167513
p227,1433,263008
p228,1439,263022
p229,1447,263761
p230,1451,263818
p231,1453,263926
p232,1459,263945
p233,1471,272887
p234,1481,273493
p235,1483,273564
p236,1487,283211
p237,1489,283281
p238,1493,283591
p239,1499,364302
p240,1511,543332
p241,1523,543744
p242,1531,545243
p243,1543,546409
p244,1549,546612
p245,1553,546693
p246,1559,547739
p247,1567,548028
p248,1571,548105
p249,1579,549844
p250,1583,550040
p251,1597,551493
p252,1601,551921
p253,1607,552271
p254,1609,552561
p255,1613,552782
p256,1619,553334
p257,1621,553359
p258,1627,553628
p259,1637,553745
p260,1657,557928
p261,1663,558185
p262,1667,558188
p263,1669,558197
p264,1693,559763
p265,1697,559908
p266,1699,559911
p267,1709,559955
p268,1721,560182
p269,1723,560206
p270,1733,560872
p271,1741,561360
p272,1747,561518
p273,1753,561630
p274,1759,561641
p275,1777,565250
p276,1783,565295
p277,1787,565363
p278,1789,565472
p279,1801,566513
p2,3,1
p3,5,13
p4,7,22
p5,11,84
p6,13,98
p7,17,113
p8,19,122
p9,23,138
p10,29,313
p11,31,334
p12,37,506
p13,41,1199
p14,43,1258
p15,47,1316
p16,53,2006
p17,59,2120
p18,61,2128
p19,67,2213
p20,71,2425
p21,73,2460
p22,79,2496
p23,83,2730
p24,89,2752
p25,97,5139
p26,101,5665
p27,103,5672
p28,107,5840
p29,109,5850
p30,113,5852
p31,127,6842
p32,131,6916
p33,137,7370
p34,139,7395
p35,149,8156
p36,151,8188
p37,157,8253
p38,163,8623
p39,167,8684
p40,173,8800
p41,179,8808
p42,181,8855
p43,191,9630
p44,193,9700
p45,197,9897
p46,199,9922
p47,211,10209
p48,223,10905
p49,227,11373
p50,229,11396
p51,233,11610
p52,239,11941
p53,241,11958
p54,251,13738
p55,257,13837
p56,263,13972
p57,269,14063
p58,271,14152
p59,277,14754
p60,281,14826
p61,283,14833
p62,293,14894
p63,307,15888
p64,311,15993
p65,313,16001
p66,317,16012
p67,331,16124
p68,337,16177
p69,347,16523
p70,349,16527
p71,353,16581
p72,359,16963
p73,367,17088
p74,373,17161
p75,379,17353
p76,383,17397
p77,389,17961
p78,397,20190
p79,401,20331
p80,409,21450
p81,419,21723
p82,421,21728
p83,431,21850
p84,433,21905
p85,439,22031
p86,443,22199
p87,449,22207
p88,457,22805
p89,461,22897
p90,463,22962
p91,467,23166
p92,479,24900
p93,487,25163
p94,491,25706
p95,499,27266
p96,503,27853
p97,509,28184
p98,521,28447
p99,523,28469
p100,541,28509
p101,547,28587
p102,557,28600
p103,563,28834
p104,569,29002
p105,571,29147
p106,577,29324
p107,587,29837
p108,593,30237
p109,599,30976
p110,601,31081
p111,607,31301
p112,613,31373
p113,617,31435
p114,619,31522
p115,631,31651
p116,641,32710
p117,643,32715
p118,647,32936
p119,653,33856
p120,659,33932
p121,661,34045
p122,673,34158
p123,677,34431
p124,683,34848
p125,691,35700
p126,701,38646
p127,709,39799
p128,719,40551
p129,727,40837
p130,733,41078
p131,739,41087
p132,743,41202
p133,751,41680
p134,757,41718
p135,761,41823
p136,769,42367
p137,773,42370
p138,787,45911
p139,797,49508
p140,809,49792
p141,811,49832
p142,821,50343
p143,823,50399
p144,827,50574
p145,829,50611
p146,839,51866
p147,853,53398
p148,857,53410
p149,859,53444
p150,863,53494
p151,877,54991
p152,881,55313
p153,883,55336
p154,887,55374
p155,907,55858
p156,911,56148
p157,919,57541
p158,929,58633
p159,937,59519
p160,941,59531
p161,947,59604
p162,953,59609
p163,967,62005
p164,971,62055
p165,977,62104
p166,983,62120
p167,991,62685
p168,997,62758
p169,1009,62784
p170,1013,62794
p171,1019,62819
p172,1021,62864
p173,1031,64539
p174,1033,64540
p175,1039,64572
p176,1049,64577
p177,1051,64591
p178,1061,64881
p179,1063,64911
p180,1069,65334
p181,1087,65842
p182,1091,65881
p183,1093,65886
p184,1097,66182
p185,1103,66215
p186,1109,66364
p187,1117,66616
p188,1123,66688
p189,1129,66708
p190,1151,66764
p191,1153,66800
p192,1163,66908
p193,1171,68031
p194,1181,68477
p195,1187,68671
p196,1193,68672
p197,1201,68674
p198,1213,68878
p199,1217,69016
p200,1223,69136
p201,1229,69365
p202,1231,69374
p203,1237,69610
p204,1249,69924
p205,1259,70677
p206,1277,70824
p207,1279,70834
p208,1283,70947
p209,1289,71042
p210,1291,71064
p211,1297,78435
p212,1301,78451
p213,1303,78533
p214,1307,78692
p215,1319,78802
p216,1321,78861
p217,1327,78865
p218,1361,79005
p219,1367,100665
p220,1373,101003
p221,1381,101951
p222,1399,102368
p2,3,1
p3,5,2
p4,7,17
p5,11,112
p6,13,121
p7,17,1124
p8,19,1139
p9,23,1169
p10,29,1213
p11,31,1233
p12,37,1238
p13,41,1857
p14,43,1894
p15,47,1997
p16,53,2272
p17,59,2474
p18,61,2490
p19,67,2512
p20,71,3427
p21,73,3492
p22,79,4016
p23,83,4263
p24,89,4274
p25,97,4676
p26,101,5012
p27,103,5023
p28,107,5312
p29,109,5359
p30,113,5381
p31,127,5387
p32,131,5471
p33,137,5619
p34,139,5656
p35,149,6216
p36,151,6420
p37,157,6769
p38,163,6854
p39,167,7220
p40,173,7270
p2,3,1
p3,5,3
p4,7,9
p5,11,218
p6,13,230
p7,17,403
p8,19,445
p9,23,788
p10,29,824
p11,31,853
p12,37,1373
p13,41,1664
p14,43,1706
p15,47,1778
p16,53,2221
p17,59,2355
p18,61,2406
p19,67,2664
p2,3,1
p3,5,12
p4,7,74
p5,11,377
p6,13,398
p7,17,573
p8,19,587
p9,23,885
p10,29,1017
p11,31,1083
p12,37,1200
p13,41,1445
p14,43,1481
p15,47,1697
p16,53,2248
p17,59,2331
p18,61,2377
p19,67,2423
p20,71,2486
p21,73,2508
p22,79,2570
p23,83,2605
p24,89,2667
p25,97,3352
p26,101,3355
p27,103,3357
p28,107,3447
p29,109,3486
p30,113,3772
p31,127,6904
p32,131,7064
p33,137,7324
p34,139,7364
p35,149,7835
p36,151,7854
p37,157,8080
p38,163,8164
p39,167,8283
p40,173,8304
p41,179,8508
p42,181,8528
p43,191,9124
p44,193,9127
p45,197,9132
p46,199,9253
p47,211,9941
p48,223,10170
p49,227,10396
p50,229,10458
p51,233,10596
p52,239,11166
p53,241,11175
p54,251,11850
p55,257,12095
p56,263,12104
p57,269,12243
p58,271,12293
p59,277,12647
p60,281,13167
p61,283,13232
p62,293,14344
p63,307,15820
p64,311,15957
p65,313,16107
p66,317,16359
p67,331,17573
p68,337,17613
p69,347,19319
p70,349,19329
p71,353,19789
p72,359,20517
p73,367,20583
